q_num,model,question,curie,prefix,status,claimed_label,real_label,answer_excerpt
1,llama-3.1-8b-instant,"List 8 Gene Ontology biological process terms, each with its GO ID, for the gene FUS.",GO:0006396,GO,SUPPORTED_LABEL_OK,RNA processing,RNA processing,"The FUS gene is associated with several biological processes. Here are 8 Gene Ontology (GO) terms for FUS:  1. RNA processing (GO:0006396) 2. RNA splicing (GO:0008380) 3. Nuclear mRNA splicing, via spliceosome (GO:0000398) 4. Regulation of RNA splicing (GO:2001142) 5. Regulation of alternative mRNA "
1,llama-3.1-8b-instant,"List 8 Gene Ontology biological process terms, each with its GO ID, for the gene FUS.",GO:0008380,GO,SUPPORTED_LABEL_OK,RNA splicing,RNA splicing,"The FUS gene is associated with several biological processes. Here are 8 Gene Ontology (GO) terms for FUS:  1. RNA processing (GO:0006396) 2. RNA splicing (GO:0008380) 3. Nuclear mRNA splicing, via spliceosome (GO:0000398) 4. Regulation of RNA splicing (GO:2001142) 5. Regulation of alternative mRNA "
1,llama-3.1-8b-instant,"List 8 Gene Ontology biological process terms, each with its GO ID, for the gene FUS.",GO:0000398,GO,SUPPORTED_LABEL_OK,"Nuclear mRNA splicing, via spliceosome","mRNA splicing, via spliceosome","The FUS gene is associated with several biological processes. Here are 8 Gene Ontology (GO) terms for FUS:  1. RNA processing (GO:0006396) 2. RNA splicing (GO:0008380) 3. Nuclear mRNA splicing, via spliceosome (GO:0000398) 4. Regulation of RNA splicing (GO:2001142) 5. Regulation of alternative mRNA "
1,llama-3.1-8b-instant,"List 8 Gene Ontology biological process terms, each with its GO ID, for the gene FUS.",GO:2001142,GO,SUPPORTED_LABEL_MISMATCH,Regulation of RNA splicing,nicotinate transport,"The FUS gene is associated with several biological processes. Here are 8 Gene Ontology (GO) terms for FUS:  1. RNA processing (GO:0006396) 2. RNA splicing (GO:0008380) 3. Nuclear mRNA splicing, via spliceosome (GO:0000398) 4. Regulation of RNA splicing (GO:2001142) 5. Regulation of alternative mRNA "
1,llama-3.1-8b-instant,"List 8 Gene Ontology biological process terms, each with its GO ID, for the gene FUS.",GO:2000376,GO,SUPPORTED_OBSOLETE,Regulation of alternative mRNA splicing-via spliceosome,obsolete positive regulation of oxygen metabolic process,"The FUS gene is associated with several biological processes. Here are 8 Gene Ontology (GO) terms for FUS:  1. RNA processing (GO:0006396) 2. RNA splicing (GO:0008380) 3. Nuclear mRNA splicing, via spliceosome (GO:0000398) 4. Regulation of RNA splicing (GO:2001142) 5. Regulation of alternative mRNA "
1,llama-3.1-8b-instant,"List 8 Gene Ontology biological process terms, each with its GO ID, for the gene FUS.",GO:0006355,GO,SUPPORTED_LABEL_OK,"Regulation of transcription, DNA-templated",regulation of DNA-templated transcription,"The FUS gene is associated with several biological processes. Here are 8 Gene Ontology (GO) terms for FUS:  1. RNA processing (GO:0006396) 2. RNA splicing (GO:0008380) 3. Nuclear mRNA splicing, via spliceosome (GO:0000398) 4. Regulation of RNA splicing (GO:2001142) 5. Regulation of alternative mRNA "
1,llama-3.1-8b-instant,"List 8 Gene Ontology biological process terms, each with its GO ID, for the gene FUS.",GO:0010467,GO,SUPPORTED_LABEL_OK,Regulation of gene expression,gene expression,"The FUS gene is associated with several biological processes. Here are 8 Gene Ontology (GO) terms for FUS:  1. RNA processing (GO:0006396) 2. RNA splicing (GO:0008380) 3. Nuclear mRNA splicing, via spliceosome (GO:0000398) 4. Regulation of RNA splicing (GO:2001142) 5. Regulation of alternative mRNA "
1,llama-3.1-8b-instant,"List 8 Gene Ontology biological process terms, each with its GO ID, for the gene FUS.",GO:0007049,GO,SUPPORTED_LABEL_OK,Cell cycle,cell cycle,"The FUS gene is associated with several biological processes. Here are 8 Gene Ontology (GO) terms for FUS:  1. RNA processing (GO:0006396) 2. RNA splicing (GO:0008380) 3. Nuclear mRNA splicing, via spliceosome (GO:0000398) 4. Regulation of RNA splicing (GO:2001142) 5. Regulation of alternative mRNA "
1,llama-3.1-8b-instant,"List 8 Gene Ontology biological process terms, each with its GO ID, for the gene FUS.",Q7Z434,UNIPROT,SUPPORTED_ENTITY_MISMATCH,,Mitochondrial antiviral-signaling protein,"The FUS gene is associated with several biological processes. Here are 8 Gene Ontology (GO) terms for FUS:  1. RNA processing (GO:0006396) 2. RNA splicing (GO:0008380) 3. Nuclear mRNA splicing, via spliceosome (GO:0000398) 4. Regulation of RNA splicing (GO:2001142) 5. Regulation of alternative mRNA "
2,llama-3.1-8b-instant,Provide 6 Gene Ontology molecular function terms with their GO IDs for SOD1.,GO:0003824,GO,SUPPORTED_LABEL_OK,Catalytic activity,catalytic activity,"The Superoxide Dismutase 1 (SOD1) gene has the following Gene Ontology (GO) molecular function terms:  1. Catalytic activity (GO:0003824) 2. Oxidoreductase activity (GO:0016742) 3. Superoxide dismutase activity (GO:1901663) 4. Copper ion binding (GO:0005506) 5. Superoxide dismutase activity, dismuta"
2,llama-3.1-8b-instant,Provide 6 Gene Ontology molecular function terms with their GO IDs for SOD1.,GO:0016742,GO,SUPPORTED_LABEL_MISMATCH,Oxidoreductase activity,"hydroxymethyl-, formyl- and related transferase activity","The Superoxide Dismutase 1 (SOD1) gene has the following Gene Ontology (GO) molecular function terms:  1. Catalytic activity (GO:0003824) 2. Oxidoreductase activity (GO:0016742) 3. Superoxide dismutase activity (GO:1901663) 4. Copper ion binding (GO:0005506) 5. Superoxide dismutase activity, dismuta"
2,llama-3.1-8b-instant,Provide 6 Gene Ontology molecular function terms with their GO IDs for SOD1.,GO:1901663,GO,SUPPORTED_LABEL_MISMATCH,Superoxide dismutase activity,quinone biosynthetic process,"The Superoxide Dismutase 1 (SOD1) gene has the following Gene Ontology (GO) molecular function terms:  1. Catalytic activity (GO:0003824) 2. Oxidoreductase activity (GO:0016742) 3. Superoxide dismutase activity (GO:1901663) 4. Copper ion binding (GO:0005506) 5. Superoxide dismutase activity, dismuta"
2,llama-3.1-8b-instant,Provide 6 Gene Ontology molecular function terms with their GO IDs for SOD1.,GO:0005506,GO,SUPPORTED_LABEL_MISMATCH,Copper ion binding,iron ion binding,"The Superoxide Dismutase 1 (SOD1) gene has the following Gene Ontology (GO) molecular function terms:  1. Catalytic activity (GO:0003824) 2. Oxidoreductase activity (GO:0016742) 3. Superoxide dismutase activity (GO:1901663) 4. Copper ion binding (GO:0005506) 5. Superoxide dismutase activity, dismuta"
2,llama-3.1-8b-instant,Provide 6 Gene Ontology molecular function terms with their GO IDs for SOD1.,GO:1901663,GO,SUPPORTED_LABEL_MISMATCH,"Superoxide dismutase activity, dismutase activity",quinone biosynthetic process,"The Superoxide Dismutase 1 (SOD1) gene has the following Gene Ontology (GO) molecular function terms:  1. Catalytic activity (GO:0003824) 2. Oxidoreductase activity (GO:0016742) 3. Superoxide dismutase activity (GO:1901663) 4. Copper ion binding (GO:0005506) 5. Superoxide dismutase activity, dismuta"
2,llama-3.1-8b-instant,Provide 6 Gene Ontology molecular function terms with their GO IDs for SOD1.,GO:0016783,GO,SUPPORTED_NO_LABEL,,,"The Superoxide Dismutase 1 (SOD1) gene has the following Gene Ontology (GO) molecular function terms:  1. Catalytic activity (GO:0003824) 2. Oxidoreductase activity (GO:0016742) 3. Superoxide dismutase activity (GO:1901663) 4. Copper ion binding (GO:0005506) 5. Superoxide dismutase activity, dismuta"
2,llama-3.1-8b-instant,Provide 6 Gene Ontology molecular function terms with their GO IDs for SOD1.,GO:0003824,GO,SUPPORTED_LABEL_OK,"Catalytic activity, acting on a sulfur-containing compound",catalytic activity,"The Superoxide Dismutase 1 (SOD1) gene has the following Gene Ontology (GO) molecular function terms:  1. Catalytic activity (GO:0003824) 2. Oxidoreductase activity (GO:0016742) 3. Superoxide dismutase activity (GO:1901663) 4. Copper ion binding (GO:0005506) 5. Superoxide dismutase activity, dismuta"
2,llama-3.1-8b-instant,Provide 6 Gene Ontology molecular function terms with their GO IDs for SOD1.,GO:0016491,GO,SUPPORTED_NO_LABEL,,,"The Superoxide Dismutase 1 (SOD1) gene has the following Gene Ontology (GO) molecular function terms:  1. Catalytic activity (GO:0003824) 2. Oxidoreductase activity (GO:0016742) 3. Superoxide dismutase activity (GO:1901663) 4. Copper ion binding (GO:0005506) 5. Superoxide dismutase activity, dismuta"
3,llama-3.1-8b-instant,List 7 GO cellular component terms with IDs associated with the gene SHANK3.,GO:0005887,GO,SUPPORTED_OBSOLETE,postsynaptic density,GO_0005887,SHANK3 (UniProt accession: Q9UQD1) is associated with the following GO cellular component terms:  1. postsynaptic density (GO:0005887) 2. postsynaptic membrane (GO:0005891) 3. synapse (GO:0045202) 4. cytoplasm (GO:0005737) 5. neuron projection (GO:0043005) 6. dendrite (GO:0030425) 7. axon (GO:003042
3,llama-3.1-8b-instant,List 7 GO cellular component terms with IDs associated with the gene SHANK3.,GO:0005891,GO,SUPPORTED_LABEL_MISMATCH,postsynaptic membrane,voltage-gated calcium channel complex,SHANK3 (UniProt accession: Q9UQD1) is associated with the following GO cellular component terms:  1. postsynaptic density (GO:0005887) 2. postsynaptic membrane (GO:0005891) 3. synapse (GO:0045202) 4. cytoplasm (GO:0005737) 5. neuron projection (GO:0043005) 6. dendrite (GO:0030425) 7. axon (GO:003042
3,llama-3.1-8b-instant,List 7 GO cellular component terms with IDs associated with the gene SHANK3.,GO:0045202,GO,SUPPORTED_LABEL_OK,synapse,synapse,SHANK3 (UniProt accession: Q9UQD1) is associated with the following GO cellular component terms:  1. postsynaptic density (GO:0005887) 2. postsynaptic membrane (GO:0005891) 3. synapse (GO:0045202) 4. cytoplasm (GO:0005737) 5. neuron projection (GO:0043005) 6. dendrite (GO:0030425) 7. axon (GO:003042
3,llama-3.1-8b-instant,List 7 GO cellular component terms with IDs associated with the gene SHANK3.,GO:0005737,GO,SUPPORTED_LABEL_OK,cytoplasm,cytoplasm,SHANK3 (UniProt accession: Q9UQD1) is associated with the following GO cellular component terms:  1. postsynaptic density (GO:0005887) 2. postsynaptic membrane (GO:0005891) 3. synapse (GO:0045202) 4. cytoplasm (GO:0005737) 5. neuron projection (GO:0043005) 6. dendrite (GO:0030425) 7. axon (GO:003042
3,llama-3.1-8b-instant,List 7 GO cellular component terms with IDs associated with the gene SHANK3.,GO:0043005,GO,SUPPORTED_LABEL_OK,neuron projection,neuron projection,SHANK3 (UniProt accession: Q9UQD1) is associated with the following GO cellular component terms:  1. postsynaptic density (GO:0005887) 2. postsynaptic membrane (GO:0005891) 3. synapse (GO:0045202) 4. cytoplasm (GO:0005737) 5. neuron projection (GO:0043005) 6. dendrite (GO:0030425) 7. axon (GO:003042
3,llama-3.1-8b-instant,List 7 GO cellular component terms with IDs associated with the gene SHANK3.,GO:0030425,GO,SUPPORTED_LABEL_OK,dendrite,dendrite,SHANK3 (UniProt accession: Q9UQD1) is associated with the following GO cellular component terms:  1. postsynaptic density (GO:0005887) 2. postsynaptic membrane (GO:0005891) 3. synapse (GO:0045202) 4. cytoplasm (GO:0005737) 5. neuron projection (GO:0043005) 6. dendrite (GO:0030425) 7. axon (GO:003042
3,llama-3.1-8b-instant,List 7 GO cellular component terms with IDs associated with the gene SHANK3.,GO:0030424,GO,SUPPORTED_LABEL_OK,axon,axon,SHANK3 (UniProt accession: Q9UQD1) is associated with the following GO cellular component terms:  1. postsynaptic density (GO:0005887) 2. postsynaptic membrane (GO:0005891) 3. synapse (GO:0045202) 4. cytoplasm (GO:0005737) 5. neuron projection (GO:0043005) 6. dendrite (GO:0030425) 7. axon (GO:003042
3,llama-3.1-8b-instant,List 7 GO cellular component terms with IDs associated with the gene SHANK3.,Q9UQD1,UNIPROT,SUPPORTED_ENTITY_MISMATCH,,NAD-dependent protein deacylase sirtuin-6,SHANK3 (UniProt accession: Q9UQD1) is associated with the following GO cellular component terms:  1. postsynaptic density (GO:0005887) 2. postsynaptic membrane (GO:0005891) 3. synapse (GO:0045202) 4. cytoplasm (GO:0005737) 5. neuron projection (GO:0043005) 6. dendrite (GO:0030425) 7. axon (GO:003042
4,llama-3.1-8b-instant,Give 6 Gene Ontology biological process IDs for the gene CDKL5.,GO:0007399,GO,SUPPORTED_NO_LABEL,,,The CDKL5 gene is associated with the following Gene Ontology (GO) biological process IDs:  1. GO:0007399 - nervous system development (GO:0007399) 2. GO:0048666 - regulation of synaptic plasticity (GO:0048666) 3. GO:0048667 - regulation of synaptic transmission (GO:0048667) 4. GO:0048668 - regulati
4,llama-3.1-8b-instant,Give 6 Gene Ontology biological process IDs for the gene CDKL5.,GO:0007399,GO,SUPPORTED_LABEL_OK,nervous system development,nervous system development,The CDKL5 gene is associated with the following Gene Ontology (GO) biological process IDs:  1. GO:0007399 - nervous system development (GO:0007399) 2. GO:0048666 - regulation of synaptic plasticity (GO:0048666) 3. GO:0048667 - regulation of synaptic transmission (GO:0048667) 4. GO:0048668 - regulati
4,llama-3.1-8b-instant,Give 6 Gene Ontology biological process IDs for the gene CDKL5.,GO:0048666,GO,SUPPORTED_NO_LABEL,,,The CDKL5 gene is associated with the following Gene Ontology (GO) biological process IDs:  1. GO:0007399 - nervous system development (GO:0007399) 2. GO:0048666 - regulation of synaptic plasticity (GO:0048666) 3. GO:0048667 - regulation of synaptic transmission (GO:0048667) 4. GO:0048668 - regulati
4,llama-3.1-8b-instant,Give 6 Gene Ontology biological process IDs for the gene CDKL5.,GO:0048666,GO,SUPPORTED_LABEL_MISMATCH,regulation of synaptic plasticity,neuron development,The CDKL5 gene is associated with the following Gene Ontology (GO) biological process IDs:  1. GO:0007399 - nervous system development (GO:0007399) 2. GO:0048666 - regulation of synaptic plasticity (GO:0048666) 3. GO:0048667 - regulation of synaptic transmission (GO:0048667) 4. GO:0048668 - regulati
4,llama-3.1-8b-instant,Give 6 Gene Ontology biological process IDs for the gene CDKL5.,GO:0048667,GO,SUPPORTED_NO_LABEL,,,The CDKL5 gene is associated with the following Gene Ontology (GO) biological process IDs:  1. GO:0007399 - nervous system development (GO:0007399) 2. GO:0048666 - regulation of synaptic plasticity (GO:0048666) 3. GO:0048667 - regulation of synaptic transmission (GO:0048667) 4. GO:0048668 - regulati
4,llama-3.1-8b-instant,Give 6 Gene Ontology biological process IDs for the gene CDKL5.,GO:0048667,GO,SUPPORTED_LABEL_MISMATCH,regulation of synaptic transmission,cell morphogenesis involved in neuron differentiation,The CDKL5 gene is associated with the following Gene Ontology (GO) biological process IDs:  1. GO:0007399 - nervous system development (GO:0007399) 2. GO:0048666 - regulation of synaptic plasticity (GO:0048666) 3. GO:0048667 - regulation of synaptic transmission (GO:0048667) 4. GO:0048668 - regulati
4,llama-3.1-8b-instant,Give 6 Gene Ontology biological process IDs for the gene CDKL5.,GO:0048668,GO,SUPPORTED_NO_LABEL,,,The CDKL5 gene is associated with the following Gene Ontology (GO) biological process IDs:  1. GO:0007399 - nervous system development (GO:0007399) 2. GO:0048666 - regulation of synaptic plasticity (GO:0048666) 3. GO:0048667 - regulation of synaptic transmission (GO:0048667) 4. GO:0048668 - regulati
4,llama-3.1-8b-instant,Give 6 Gene Ontology biological process IDs for the gene CDKL5.,GO:0048668,GO,SUPPORTED_LABEL_MISMATCH,regulation of synaptic vesicle recycling,collateral sprouting,The CDKL5 gene is associated with the following Gene Ontology (GO) biological process IDs:  1. GO:0007399 - nervous system development (GO:0007399) 2. GO:0048666 - regulation of synaptic plasticity (GO:0048666) 3. GO:0048667 - regulation of synaptic transmission (GO:0048667) 4. GO:0048668 - regulati
4,llama-3.1-8b-instant,Give 6 Gene Ontology biological process IDs for the gene CDKL5.,GO:0048669,GO,SUPPORTED_NO_LABEL,,,The CDKL5 gene is associated with the following Gene Ontology (GO) biological process IDs:  1. GO:0007399 - nervous system development (GO:0007399) 2. GO:0048666 - regulation of synaptic plasticity (GO:0048666) 3. GO:0048667 - regulation of synaptic transmission (GO:0048667) 4. GO:0048668 - regulati
4,llama-3.1-8b-instant,Give 6 Gene Ontology biological process IDs for the gene CDKL5.,GO:0048669,GO,SUPPORTED_LABEL_MISMATCH,regulation of synaptic vesicle exocytosis,collateral sprouting in absence of injury,The CDKL5 gene is associated with the following Gene Ontology (GO) biological process IDs:  1. GO:0007399 - nervous system development (GO:0007399) 2. GO:0048666 - regulation of synaptic plasticity (GO:0048666) 3. GO:0048667 - regulation of synaptic transmission (GO:0048667) 4. GO:0048668 - regulati
4,llama-3.1-8b-instant,Give 6 Gene Ontology biological process IDs for the gene CDKL5.,GO:0048665,GO,SUPPORTED_NO_LABEL,,,The CDKL5 gene is associated with the following Gene Ontology (GO) biological process IDs:  1. GO:0007399 - nervous system development (GO:0007399) 2. GO:0048666 - regulation of synaptic plasticity (GO:0048666) 3. GO:0048667 - regulation of synaptic transmission (GO:0048667) 4. GO:0048668 - regulati
4,llama-3.1-8b-instant,Give 6 Gene Ontology biological process IDs for the gene CDKL5.,GO:0048665,GO,SUPPORTED_LABEL_MISMATCH,"regulation of synaptic transmission, glutamatergic",neuron fate specification,The CDKL5 gene is associated with the following Gene Ontology (GO) biological process IDs:  1. GO:0007399 - nervous system development (GO:0007399) 2. GO:0048666 - regulation of synaptic plasticity (GO:0048666) 3. GO:0048667 - regulation of synaptic transmission (GO:0048667) 4. GO:0048668 - regulati
5,llama-3.1-8b-instant,List 8 GO terms with IDs relevant to the gene ARID1B.,GO:0000082,GO,SUPPORTED_LABEL_MISMATCH,chromatin remodeling,G1/S transition of mitotic cell cycle,ARID1B is associated with the following GO terms:  1. chromatin remodeling (GO:0000082) 2. histone binding (GO:0042393) 3. chromatin assembly or disassembly (GO:0006325) 4. DNA binding (GO:0003677) 5. chromatin modification (GO:0016568) 6. ATP-dependent chromatin remodeling (GO:0000083) 7. nucleosom
5,llama-3.1-8b-instant,List 8 GO terms with IDs relevant to the gene ARID1B.,GO:0042393,GO,SUPPORTED_LABEL_OK,histone binding,histone binding,ARID1B is associated with the following GO terms:  1. chromatin remodeling (GO:0000082) 2. histone binding (GO:0042393) 3. chromatin assembly or disassembly (GO:0006325) 4. DNA binding (GO:0003677) 5. chromatin modification (GO:0016568) 6. ATP-dependent chromatin remodeling (GO:0000083) 7. nucleosom
5,llama-3.1-8b-instant,List 8 GO terms with IDs relevant to the gene ARID1B.,GO:0006325,GO,SUPPORTED_LABEL_OK,chromatin assembly or disassembly,chromatin organization,ARID1B is associated with the following GO terms:  1. chromatin remodeling (GO:0000082) 2. histone binding (GO:0042393) 3. chromatin assembly or disassembly (GO:0006325) 4. DNA binding (GO:0003677) 5. chromatin modification (GO:0016568) 6. ATP-dependent chromatin remodeling (GO:0000083) 7. nucleosom
5,llama-3.1-8b-instant,List 8 GO terms with IDs relevant to the gene ARID1B.,GO:0003677,GO,SUPPORTED_LABEL_OK,DNA binding,DNA binding,ARID1B is associated with the following GO terms:  1. chromatin remodeling (GO:0000082) 2. histone binding (GO:0042393) 3. chromatin assembly or disassembly (GO:0006325) 4. DNA binding (GO:0003677) 5. chromatin modification (GO:0016568) 6. ATP-dependent chromatin remodeling (GO:0000083) 7. nucleosom
5,llama-3.1-8b-instant,List 8 GO terms with IDs relevant to the gene ARID1B.,GO:0016568,GO,SUPPORTED_OBSOLETE,chromatin modification,GO_0016568,ARID1B is associated with the following GO terms:  1. chromatin remodeling (GO:0000082) 2. histone binding (GO:0042393) 3. chromatin assembly or disassembly (GO:0006325) 4. DNA binding (GO:0003677) 5. chromatin modification (GO:0016568) 6. ATP-dependent chromatin remodeling (GO:0000083) 7. nucleosom
5,llama-3.1-8b-instant,List 8 GO terms with IDs relevant to the gene ARID1B.,GO:0000083,GO,SUPPORTED_OBSOLETE,ATP-dependent chromatin remodeling,obsolete regulation of transcription involved in G1/S transition of mitotic cell cycle,ARID1B is associated with the following GO terms:  1. chromatin remodeling (GO:0000082) 2. histone binding (GO:0042393) 3. chromatin assembly or disassembly (GO:0006325) 4. DNA binding (GO:0003677) 5. chromatin modification (GO:0016568) 6. ATP-dependent chromatin remodeling (GO:0000083) 7. nucleosom
5,llama-3.1-8b-instant,List 8 GO terms with IDs relevant to the gene ARID1B.,GO:0006222,GO,SUPPORTED_LABEL_MISMATCH,nucleosome assembly,UMP biosynthetic process,ARID1B is associated with the following GO terms:  1. chromatin remodeling (GO:0000082) 2. histone binding (GO:0042393) 3. chromatin assembly or disassembly (GO:0006325) 4. DNA binding (GO:0003677) 5. chromatin modification (GO:0016568) 6. ATP-dependent chromatin remodeling (GO:0000083) 7. nucleosom
5,llama-3.1-8b-instant,List 8 GO terms with IDs relevant to the gene ARID1B.,GO:0000160,GO,SUPPORTED_LABEL_MISMATCH,SWI/SNF complex,phosphorelay signal transduction system,ARID1B is associated with the following GO terms:  1. chromatin remodeling (GO:0000082) 2. histone binding (GO:0042393) 3. chromatin assembly or disassembly (GO:0006325) 4. DNA binding (GO:0003677) 5. chromatin modification (GO:0016568) 6. ATP-dependent chromatin remodeling (GO:0000083) 7. nucleosom
6,llama-3.1-8b-instant,What is the UniProt accession for the human protein TMEM63C?,Q8N6Q6,UNIPROT,SUPPORTED_ENTITY_MISMATCH,,Putative uncharacterized protein SLC66A1LP,The UniProt accession for the human protein TMEM63C is Q8N6Q6.
7,llama-3.1-8b-instant,What is the Ensembl gene ID for the human gene C1orf112?,ENSG00000185521,ENSG,NOT_FOUND,,,The Ensembl gene ID for the human gene C1orf112 is ENSG00000185521.
8,llama-3.1-8b-instant,What is the UniProt accession for the human protein Contactin-4 (CNTN4)?,Q9Y5T1,UNIPROT,SUPPORTED_ENTITY_MISMATCH,,"cAMP and cAMP-inhibited cGMP 3',5'-cyclic phosphodiesterase 10A",The UniProt accession for human Contactin-4 (CNTN4) is Q9Y5T1.
9,llama-3.1-8b-instant,What is the Ensembl gene ID for the gene ZC3H14?,ENSG00000139623,ENSG,NOT_FOUND,,,The Ensembl gene ID for the gene ZC3H14 is ENSG00000139623.
10,llama-3.1-8b-instant,What is the UniProt accession for the human protein POGZ?,Q9Y5T5,UNIPROT,SUPPORTED_ENTITY_MISMATCH,,Ubiquitin carboxyl-terminal hydrolase 16,The UniProt accession for the human protein POGZ is Q9Y5T5.
11,llama-3.1-8b-instant,Give the UniProt accession and Ensembl gene ID for the gene ADNP.,ENSG00000139615,ENSG,NOT_FOUND,,,The UniProt accession for the ADNP gene is Q9Y5T8.   The Ensembl gene ID for the ADNP gene is ENSG00000139615.
11,llama-3.1-8b-instant,Give the UniProt accession and Ensembl gene ID for the gene ADNP.,Q9Y5T8,UNIPROT,SUPPORTED_ENTITY_MISMATCH,,DNA repair protein RAD52 homolog,The UniProt accession for the ADNP gene is Q9Y5T8.   The Ensembl gene ID for the ADNP gene is ENSG00000139615.
12,llama-3.1-8b-instant,What is the Ensembl gene ID for the human gene KIAA1217?,ENSG00000124232,ENSG,SUPPORTED_ENTITY_MISMATCH,,RBPJL,The Ensembl gene ID for the human gene KIAA1217 is ENSG00000124232.
13,llama-3.1-8b-instant,What is the UniProt accession for the human protein DYRK1A?,Q8N122,UNIPROT,SUPPORTED_ENTITY_MISMATCH,,Regulatory-associated protein of mTOR,The UniProt accession for the human protein DYRK1A is Q8N122.
14,llama-3.1-8b-instant,List 5 GO biological process terms with IDs for the gene GRIN2B.,GO:0007269,GO,SUPPORTED_LABEL_OK,neurotransmitter secretion,neurotransmitter secretion,"The gene GRIN2B (UniProt accession: Q13255) is involved in several biological processes. Here are 5 GO biological process terms with IDs for GRIN2B:  1. neurotransmitter secretion (GO:0007269) 2. synaptic transmission, glutamatergic (GO:0030400) 3. regulation of synaptic plasticity (GO:0048168) 4. i"
14,llama-3.1-8b-instant,List 5 GO biological process terms with IDs for the gene GRIN2B.,GO:0030400,GO,SUPPORTED_OBSOLETE,"synaptic transmission, glutamatergic",obsolete protease substrate recruitment factor activity,"The gene GRIN2B (UniProt accession: Q13255) is involved in several biological processes. Here are 5 GO biological process terms with IDs for GRIN2B:  1. neurotransmitter secretion (GO:0007269) 2. synaptic transmission, glutamatergic (GO:0030400) 3. regulation of synaptic plasticity (GO:0048168) 4. i"
14,llama-3.1-8b-instant,List 5 GO biological process terms with IDs for the gene GRIN2B.,GO:0048168,GO,SUPPORTED_LABEL_OK,regulation of synaptic plasticity,regulation of neuronal synaptic plasticity,"The gene GRIN2B (UniProt accession: Q13255) is involved in several biological processes. Here are 5 GO biological process terms with IDs for GRIN2B:  1. neurotransmitter secretion (GO:0007269) 2. synaptic transmission, glutamatergic (GO:0030400) 3. regulation of synaptic plasticity (GO:0048168) 4. i"
14,llama-3.1-8b-instant,List 5 GO biological process terms with IDs for the gene GRIN2B.,GO:0031408,GO,SUPPORTED_LABEL_MISMATCH,ionotropic glutamate receptor signaling pathway,oxylipin biosynthetic process,"The gene GRIN2B (UniProt accession: Q13255) is involved in several biological processes. Here are 5 GO biological process terms with IDs for GRIN2B:  1. neurotransmitter secretion (GO:0007269) 2. synaptic transmission, glutamatergic (GO:0030400) 3. regulation of synaptic plasticity (GO:0048168) 4. i"
14,llama-3.1-8b-instant,List 5 GO biological process terms with IDs for the gene GRIN2B.,GO:0000404,GO,SUPPORTED_LABEL_MISMATCH,excitatory postsynaptic potential,heteroduplex DNA loop binding,"The gene GRIN2B (UniProt accession: Q13255) is involved in several biological processes. Here are 5 GO biological process terms with IDs for GRIN2B:  1. neurotransmitter secretion (GO:0007269) 2. synaptic transmission, glutamatergic (GO:0030400) 3. regulation of synaptic plasticity (GO:0048168) 4. i"
14,llama-3.1-8b-instant,List 5 GO biological process terms with IDs for the gene GRIN2B.,Q13255,UNIPROT,SUPPORTED_ENTITY_MISMATCH,,Metabotropic glutamate receptor 1,"The gene GRIN2B (UniProt accession: Q13255) is involved in several biological processes. Here are 5 GO biological process terms with IDs for GRIN2B:  1. neurotransmitter secretion (GO:0007269) 2. synaptic transmission, glutamatergic (GO:0030400) 3. regulation of synaptic plasticity (GO:0048168) 4. i"
17,llama-3.1-8b-instant,What MONDO ID corresponds to Niemann-Pick disease type C?,MONDO:0004445,MONDO,SUPPORTED_NO_LABEL,,,The MONDO ID for Niemann-Pick disease type C is MONDO:0004445.
20,llama-3.1-8b-instant,Which Human Phenotype Ontology term and ID describes progressive myoclonic epilepsy?,HP:0001241,HP,SUPPORTED_NO_LABEL,,,The Human Phenotype Ontology (HPO) term that describes progressive myoclonic epilepsy is 'Progressive myoclonic epilepsy' with ID HP:0001241.
21,llama-3.1-8b-instant,What HP term and ID corresponds to arachnodactyly?,HP:0001166,HP,SUPPORTED_NO_LABEL,,,The HP (Human Phenotype) term for arachnodactyly is 'Arachnodactyly' and its ID is HP:0001166.
22,llama-3.1-8b-instant,What HP term and ID describes bilateral vestibular schwannoma?,HP:0001873,HP,SUPPORTED_NO_LABEL,,,"The HP (Human Phenotype) term and ID that describes bilateral vestibular schwannoma is 'Bilateral vestibular schwannoma', HP:0001873."
23,llama-3.1-8b-instant,What is the ChEBI ID for tetrahydrobiopterin?,CHEBI:16113,CHEBI,SUPPORTED_NO_LABEL,,,The ChEBI ID for tetrahydrobiopterin is CHEBI:16113.
24,llama-3.1-8b-instant,What is the ChEBI ID for S-adenosyl-L-methionine?,CHEBI:59744,CHEBI,SUPPORTED_NO_LABEL,,,The ChEBI ID for S-adenosyl-L-methionine is CHEBI:59744.
25,llama-3.1-8b-instant,What is the ChEBI ID for homogentisic acid?,CHEBI:17623,CHEBI,SUPPORTED_NO_LABEL,,,The ChEBI ID for homogentisic acid is CHEBI:17623.
26,llama-3.1-8b-instant,List 6 GO molecular function terms with IDs for the gene KIF1A.,GO:0003777,GO,SUPPORTED_LABEL_OK,microtubule motor activity,microtubule motor activity,The gene KIF1A is associated with the following GO molecular function terms:  1. microtubule motor activity (GO:0003777) 2. microtubule binding (GO:0008017) 3. ATP binding (GO:0005524) 4. ATPase activity (GO:0016887) 5. plus-end-directed microtubule motor activity (GO:0030010) 6. kinesin activity (G
26,llama-3.1-8b-instant,List 6 GO molecular function terms with IDs for the gene KIF1A.,GO:0008017,GO,SUPPORTED_LABEL_OK,microtubule binding,microtubule binding,The gene KIF1A is associated with the following GO molecular function terms:  1. microtubule motor activity (GO:0003777) 2. microtubule binding (GO:0008017) 3. ATP binding (GO:0005524) 4. ATPase activity (GO:0016887) 5. plus-end-directed microtubule motor activity (GO:0030010) 6. kinesin activity (G
26,llama-3.1-8b-instant,List 6 GO molecular function terms with IDs for the gene KIF1A.,GO:0005524,GO,SUPPORTED_LABEL_OK,ATP binding,ATP binding,The gene KIF1A is associated with the following GO molecular function terms:  1. microtubule motor activity (GO:0003777) 2. microtubule binding (GO:0008017) 3. ATP binding (GO:0005524) 4. ATPase activity (GO:0016887) 5. plus-end-directed microtubule motor activity (GO:0030010) 6. kinesin activity (G
26,llama-3.1-8b-instant,List 6 GO molecular function terms with IDs for the gene KIF1A.,GO:0016887,GO,SUPPORTED_LABEL_MISMATCH,ATPase activity,ATP hydrolysis activity,The gene KIF1A is associated with the following GO molecular function terms:  1. microtubule motor activity (GO:0003777) 2. microtubule binding (GO:0008017) 3. ATP binding (GO:0005524) 4. ATPase activity (GO:0016887) 5. plus-end-directed microtubule motor activity (GO:0030010) 6. kinesin activity (G
26,llama-3.1-8b-instant,List 6 GO molecular function terms with IDs for the gene KIF1A.,GO:0030010,GO,SUPPORTED_LABEL_MISMATCH,plus-end-directed microtubule motor activity,establishment of cell polarity,The gene KIF1A is associated with the following GO molecular function terms:  1. microtubule motor activity (GO:0003777) 2. microtubule binding (GO:0008017) 3. ATP binding (GO:0005524) 4. ATPase activity (GO:0016887) 5. plus-end-directed microtubule motor activity (GO:0030010) 6. kinesin activity (G
26,llama-3.1-8b-instant,List 6 GO molecular function terms with IDs for the gene KIF1A.,GO:0005526,GO,NOT_FOUND,kinesin activity,,The gene KIF1A is associated with the following GO molecular function terms:  1. microtubule motor activity (GO:0003777) 2. microtubule binding (GO:0008017) 3. ATP binding (GO:0005524) 4. ATPase activity (GO:0016887) 5. plus-end-directed microtubule motor activity (GO:0030010) 6. kinesin activity (G
27,llama-3.1-8b-instant,Give 7 Gene Ontology terms with IDs for the gene SCN2A.,GO:0005244,GO,SUPPORTED_NO_LABEL,,,The SCN2A gene encodes a voltage-gated sodium channel. Here are 7 Gene Ontology (GO) terms with IDs for SCN2A:  1. GO:0005244 - voltage-gated sodium channel activity (UniProt: Q9Y5S0) 2. GO:0005886 - plasma membrane (UniProt: Q9Y5S0) 3. GO:0006813 - sodium ion transport (UniProt: Q9Y5S0) 4. GO:00068
27,llama-3.1-8b-instant,Give 7 Gene Ontology terms with IDs for the gene SCN2A.,GO:0005886,GO,SUPPORTED_NO_LABEL,,,The SCN2A gene encodes a voltage-gated sodium channel. Here are 7 Gene Ontology (GO) terms with IDs for SCN2A:  1. GO:0005244 - voltage-gated sodium channel activity (UniProt: Q9Y5S0) 2. GO:0005886 - plasma membrane (UniProt: Q9Y5S0) 3. GO:0006813 - sodium ion transport (UniProt: Q9Y5S0) 4. GO:00068
27,llama-3.1-8b-instant,Give 7 Gene Ontology terms with IDs for the gene SCN2A.,GO:0006813,GO,SUPPORTED_NO_LABEL,,,The SCN2A gene encodes a voltage-gated sodium channel. Here are 7 Gene Ontology (GO) terms with IDs for SCN2A:  1. GO:0005244 - voltage-gated sodium channel activity (UniProt: Q9Y5S0) 2. GO:0005886 - plasma membrane (UniProt: Q9Y5S0) 3. GO:0006813 - sodium ion transport (UniProt: Q9Y5S0) 4. GO:00068
27,llama-3.1-8b-instant,Give 7 Gene Ontology terms with IDs for the gene SCN2A.,GO:0006814,GO,SUPPORTED_NO_LABEL,,,The SCN2A gene encodes a voltage-gated sodium channel. Here are 7 Gene Ontology (GO) terms with IDs for SCN2A:  1. GO:0005244 - voltage-gated sodium channel activity (UniProt: Q9Y5S0) 2. GO:0005886 - plasma membrane (UniProt: Q9Y5S0) 3. GO:0006813 - sodium ion transport (UniProt: Q9Y5S0) 4. GO:00068
27,llama-3.1-8b-instant,Give 7 Gene Ontology terms with IDs for the gene SCN2A.,GO:0042391,GO,SUPPORTED_NO_LABEL,,,The SCN2A gene encodes a voltage-gated sodium channel. Here are 7 Gene Ontology (GO) terms with IDs for SCN2A:  1. GO:0005244 - voltage-gated sodium channel activity (UniProt: Q9Y5S0) 2. GO:0005886 - plasma membrane (UniProt: Q9Y5S0) 3. GO:0006813 - sodium ion transport (UniProt: Q9Y5S0) 4. GO:00068
27,llama-3.1-8b-instant,Give 7 Gene Ontology terms with IDs for the gene SCN2A.,GO:0046872,GO,SUPPORTED_NO_LABEL,,,The SCN2A gene encodes a voltage-gated sodium channel. Here are 7 Gene Ontology (GO) terms with IDs for SCN2A:  1. GO:0005244 - voltage-gated sodium channel activity (UniProt: Q9Y5S0) 2. GO:0005886 - plasma membrane (UniProt: Q9Y5S0) 3. GO:0006813 - sodium ion transport (UniProt: Q9Y5S0) 4. GO:00068
27,llama-3.1-8b-instant,Give 7 Gene Ontology terms with IDs for the gene SCN2A.,GO:0016021,GO,SUPPORTED_NO_LABEL,,,The SCN2A gene encodes a voltage-gated sodium channel. Here are 7 Gene Ontology (GO) terms with IDs for SCN2A:  1. GO:0005244 - voltage-gated sodium channel activity (UniProt: Q9Y5S0) 2. GO:0005886 - plasma membrane (UniProt: Q9Y5S0) 3. GO:0006813 - sodium ion transport (UniProt: Q9Y5S0) 4. GO:00068
27,llama-3.1-8b-instant,Give 7 Gene Ontology terms with IDs for the gene SCN2A.,Q9Y5S0,UNIPROT,SUPPORTED_ENTITY_MISMATCH,,DNA (cytosine-5)-methyltransferase 3B,The SCN2A gene encodes a voltage-gated sodium channel. Here are 7 Gene Ontology (GO) terms with IDs for SCN2A:  1. GO:0005244 - voltage-gated sodium channel activity (UniProt: Q9Y5S0) 2. GO:0005886 - plasma membrane (UniProt: Q9Y5S0) 3. GO:0006813 - sodium ion transport (UniProt: Q9Y5S0) 4. GO:00068
27,llama-3.1-8b-instant,Give 7 Gene Ontology terms with IDs for the gene SCN2A.,Q9Y5S0,UNIPROT,SUPPORTED_ENTITY_MISMATCH,,DNA (cytosine-5)-methyltransferase 3B,The SCN2A gene encodes a voltage-gated sodium channel. Here are 7 Gene Ontology (GO) terms with IDs for SCN2A:  1. GO:0005244 - voltage-gated sodium channel activity (UniProt: Q9Y5S0) 2. GO:0005886 - plasma membrane (UniProt: Q9Y5S0) 3. GO:0006813 - sodium ion transport (UniProt: Q9Y5S0) 4. GO:00068
27,llama-3.1-8b-instant,Give 7 Gene Ontology terms with IDs for the gene SCN2A.,Q9Y5S0,UNIPROT,SUPPORTED_ENTITY_MISMATCH,,DNA (cytosine-5)-methyltransferase 3B,The SCN2A gene encodes a voltage-gated sodium channel. Here are 7 Gene Ontology (GO) terms with IDs for SCN2A:  1. GO:0005244 - voltage-gated sodium channel activity (UniProt: Q9Y5S0) 2. GO:0005886 - plasma membrane (UniProt: Q9Y5S0) 3. GO:0006813 - sodium ion transport (UniProt: Q9Y5S0) 4. GO:00068
27,llama-3.1-8b-instant,Give 7 Gene Ontology terms with IDs for the gene SCN2A.,Q9Y5S0,UNIPROT,SUPPORTED_ENTITY_MISMATCH,,DNA (cytosine-5)-methyltransferase 3B,The SCN2A gene encodes a voltage-gated sodium channel. Here are 7 Gene Ontology (GO) terms with IDs for SCN2A:  1. GO:0005244 - voltage-gated sodium channel activity (UniProt: Q9Y5S0) 2. GO:0005886 - plasma membrane (UniProt: Q9Y5S0) 3. GO:0006813 - sodium ion transport (UniProt: Q9Y5S0) 4. GO:00068
27,llama-3.1-8b-instant,Give 7 Gene Ontology terms with IDs for the gene SCN2A.,Q9Y5S0,UNIPROT,SUPPORTED_ENTITY_MISMATCH,,DNA (cytosine-5)-methyltransferase 3B,The SCN2A gene encodes a voltage-gated sodium channel. Here are 7 Gene Ontology (GO) terms with IDs for SCN2A:  1. GO:0005244 - voltage-gated sodium channel activity (UniProt: Q9Y5S0) 2. GO:0005886 - plasma membrane (UniProt: Q9Y5S0) 3. GO:0006813 - sodium ion transport (UniProt: Q9Y5S0) 4. GO:00068
27,llama-3.1-8b-instant,Give 7 Gene Ontology terms with IDs for the gene SCN2A.,Q9Y5S0,UNIPROT,SUPPORTED_ENTITY_MISMATCH,,DNA (cytosine-5)-methyltransferase 3B,The SCN2A gene encodes a voltage-gated sodium channel. Here are 7 Gene Ontology (GO) terms with IDs for SCN2A:  1. GO:0005244 - voltage-gated sodium channel activity (UniProt: Q9Y5S0) 2. GO:0005886 - plasma membrane (UniProt: Q9Y5S0) 3. GO:0006813 - sodium ion transport (UniProt: Q9Y5S0) 4. GO:00068
27,llama-3.1-8b-instant,Give 7 Gene Ontology terms with IDs for the gene SCN2A.,Q9Y5S0,UNIPROT,SUPPORTED_ENTITY_MISMATCH,,DNA (cytosine-5)-methyltransferase 3B,The SCN2A gene encodes a voltage-gated sodium channel. Here are 7 Gene Ontology (GO) terms with IDs for SCN2A:  1. GO:0005244 - voltage-gated sodium channel activity (UniProt: Q9Y5S0) 2. GO:0005886 - plasma membrane (UniProt: Q9Y5S0) 3. GO:0006813 - sodium ion transport (UniProt: Q9Y5S0) 4. GO:00068
28,llama-3.1-8b-instant,What is the UniProt accession for the human protein Reelin (RELN)?,P78323,UNIPROT,SUPPORTED_ENTITY_MISMATCH,,,The UniProt accession for the human protein Reelin (RELN) is P78323.
29,llama-3.1-8b-instant,What is the Ensembl gene ID for the human gene ANKRD11.,ENSG00000124392,ENSG,NOT_FOUND,,,The Ensembl gene ID for the human gene ANKRD11 is ENSG00000124392.
30,llama-3.1-8b-instant,List 8 GO biological process terms with their GO IDs for the gene TARDBP.,GO:0006355,GO,SUPPORTED_LABEL_OK,"Regulation of transcription, DNA-templated",regulation of DNA-templated transcription,"The TARDBP gene is associated with the following GO biological process terms:  1. Regulation of transcription, DNA-templated (GO:0006355) 2. Positive regulation of transcription, DNA-templated (GO:0045944) 3. Negative regulation of transcription, DNA-templated (GO:0045892) 4. Regulation of gene expr"
30,llama-3.1-8b-instant,List 8 GO biological process terms with their GO IDs for the gene TARDBP.,GO:0045944,GO,SUPPORTED_LABEL_MISMATCH,"Positive regulation of transcription, DNA-templated",positive regulation of transcription by RNA polymerase II,"The TARDBP gene is associated with the following GO biological process terms:  1. Regulation of transcription, DNA-templated (GO:0006355) 2. Positive regulation of transcription, DNA-templated (GO:0045944) 3. Negative regulation of transcription, DNA-templated (GO:0045892) 4. Regulation of gene expr"
30,llama-3.1-8b-instant,List 8 GO biological process terms with their GO IDs for the gene TARDBP.,GO:0045892,GO,SUPPORTED_LABEL_OK,"Negative regulation of transcription, DNA-templated",negative regulation of DNA-templated transcription,"The TARDBP gene is associated with the following GO biological process terms:  1. Regulation of transcription, DNA-templated (GO:0006355) 2. Positive regulation of transcription, DNA-templated (GO:0045944) 3. Negative regulation of transcription, DNA-templated (GO:0045892) 4. Regulation of gene expr"
30,llama-3.1-8b-instant,List 8 GO biological process terms with their GO IDs for the gene TARDBP.,GO:0010467,GO,SUPPORTED_LABEL_OK,Regulation of gene expression,gene expression,"The TARDBP gene is associated with the following GO biological process terms:  1. Regulation of transcription, DNA-templated (GO:0006355) 2. Positive regulation of transcription, DNA-templated (GO:0045944) 3. Negative regulation of transcription, DNA-templated (GO:0045892) 4. Regulation of gene expr"
30,llama-3.1-8b-instant,List 8 GO biological process terms with their GO IDs for the gene TARDBP.,GO:0008380,GO,SUPPORTED_LABEL_OK,RNA splicing,RNA splicing,"The TARDBP gene is associated with the following GO biological process terms:  1. Regulation of transcription, DNA-templated (GO:0006355) 2. Positive regulation of transcription, DNA-templated (GO:0045944) 3. Negative regulation of transcription, DNA-templated (GO:0045892) 4. Regulation of gene expr"
30,llama-3.1-8b-instant,List 8 GO biological process terms with their GO IDs for the gene TARDBP.,GO:0000381,GO,SUPPORTED_LABEL_MISMATCH,Splicing of pre-mRNA,"regulation of alternative mRNA splicing, via spliceosome","The TARDBP gene is associated with the following GO biological process terms:  1. Regulation of transcription, DNA-templated (GO:0006355) 2. Positive regulation of transcription, DNA-templated (GO:0045944) 3. Negative regulation of transcription, DNA-templated (GO:0045892) 4. Regulation of gene expr"
30,llama-3.1-8b-instant,List 8 GO biological process terms with their GO IDs for the gene TARDBP.,GO:0006413,GO,SUPPORTED_LABEL_MISMATCH,mRNA processing,translational initiation,"The TARDBP gene is associated with the following GO biological process terms:  1. Regulation of transcription, DNA-templated (GO:0006355) 2. Positive regulation of transcription, DNA-templated (GO:0045944) 3. Negative regulation of transcription, DNA-templated (GO:0045892) 4. Regulation of gene expr"
30,llama-3.1-8b-instant,List 8 GO biological process terms with their GO IDs for the gene TARDBP.,GO:0000398,GO,SUPPORTED_LABEL_OK,"mRNA splicing, via spliceosome","mRNA splicing, via spliceosome","The TARDBP gene is associated with the following GO biological process terms:  1. Regulation of transcription, DNA-templated (GO:0006355) 2. Positive regulation of transcription, DNA-templated (GO:0045944) 3. Negative regulation of transcription, DNA-templated (GO:0045892) 4. Regulation of gene expr"
30,llama-3.1-8b-instant,List 8 GO biological process terms with their GO IDs for the gene TARDBP.,Q13155,UNIPROT,SUPPORTED_ENTITY_MISMATCH,,Aminoacyl tRNA synthase complex-interacting multifunctional protein 2,"The TARDBP gene is associated with the following GO biological process terms:  1. Regulation of transcription, DNA-templated (GO:0006355) 2. Positive regulation of transcription, DNA-templated (GO:0045944) 3. Negative regulation of transcription, DNA-templated (GO:0045892) 4. Regulation of gene expr"
31,llama-3.1-8b-instant,What is the UniProt accession for the human protein Neurexin-1 (NRXN1)?,Q9Y5Q1,UNIPROT,SUPPORTED_ENTITY_MISMATCH,,LIM domain kinase 1,The UniProt accession for human Neurexin-1 (NRXN1) is Q9Y5Q1.
32,llama-3.1-8b-instant,Give the Ensembl gene ID and 4 GO terms (with IDs) for the gene FOXG1.,GO:0003677,GO,SUPPORTED_LABEL_OK,DNA binding,DNA binding,The Ensembl gene ID for FOXG1 is ENSG00000169269.  Some GO terms associated with FOXG1 are:  - GO:0003677 (DNA binding)  - GO:0003700 (transcription factor activity)  - GO:0005634 (nucleus)  - GO:0046983 (protein dimerization activity)
32,llama-3.1-8b-instant,Give the Ensembl gene ID and 4 GO terms (with IDs) for the gene FOXG1.,GO:0003700,GO,SUPPORTED_LABEL_OK,transcription factor activity,DNA-binding transcription factor activity,The Ensembl gene ID for FOXG1 is ENSG00000169269.  Some GO terms associated with FOXG1 are:  - GO:0003677 (DNA binding)  - GO:0003700 (transcription factor activity)  - GO:0005634 (nucleus)  - GO:0046983 (protein dimerization activity)
32,llama-3.1-8b-instant,Give the Ensembl gene ID and 4 GO terms (with IDs) for the gene FOXG1.,GO:0005634,GO,SUPPORTED_LABEL_OK,nucleus,nucleus,The Ensembl gene ID for FOXG1 is ENSG00000169269.  Some GO terms associated with FOXG1 are:  - GO:0003677 (DNA binding)  - GO:0003700 (transcription factor activity)  - GO:0005634 (nucleus)  - GO:0046983 (protein dimerization activity)
32,llama-3.1-8b-instant,Give the Ensembl gene ID and 4 GO terms (with IDs) for the gene FOXG1.,GO:0046983,GO,SUPPORTED_LABEL_OK,protein dimerization activity,protein dimerization activity,The Ensembl gene ID for FOXG1 is ENSG00000169269.  Some GO terms associated with FOXG1 are:  - GO:0003677 (DNA binding)  - GO:0003700 (transcription factor activity)  - GO:0005634 (nucleus)  - GO:0046983 (protein dimerization activity)
32,llama-3.1-8b-instant,Give the Ensembl gene ID and 4 GO terms (with IDs) for the gene FOXG1.,ENSG00000169269,ENSG,NOT_FOUND,,,The Ensembl gene ID for FOXG1 is ENSG00000169269.  Some GO terms associated with FOXG1 are:  - GO:0003677 (DNA binding)  - GO:0003700 (transcription factor activity)  - GO:0005634 (nucleus)  - GO:0046983 (protein dimerization activity)
34,llama-3.1-8b-instant,List 5 GO cellular component terms with IDs for the gene CACNA1C.,GO:0005891,GO,SUPPORTED_LABEL_OK,Voltage-gated calcium channel complex,voltage-gated calcium channel complex,The gene CACNA1C encodes the L-type voltage-gated calcium channel subunit alpha-1C. Here are 5 GO cellular component terms with IDs associated with CACNA1C:  1. Voltage-gated calcium channel complex (GO:0005891) 2. Cardiac muscle cell membrane (GO:0034668) 3. Presynaptic membrane (GO:0042785) 4. T-t
34,llama-3.1-8b-instant,List 5 GO cellular component terms with IDs for the gene CACNA1C.,GO:0034668,GO,SUPPORTED_LABEL_MISMATCH,Cardiac muscle cell membrane,integrin alpha4-beta1 complex,The gene CACNA1C encodes the L-type voltage-gated calcium channel subunit alpha-1C. Here are 5 GO cellular component terms with IDs associated with CACNA1C:  1. Voltage-gated calcium channel complex (GO:0005891) 2. Cardiac muscle cell membrane (GO:0034668) 3. Presynaptic membrane (GO:0042785) 4. T-t
34,llama-3.1-8b-instant,List 5 GO cellular component terms with IDs for the gene CACNA1C.,GO:0042785,GO,SUPPORTED_OBSOLETE,Presynaptic membrane,obsolete evasion of host immune response via modulation of host cytokine network,The gene CACNA1C encodes the L-type voltage-gated calcium channel subunit alpha-1C. Here are 5 GO cellular component terms with IDs associated with CACNA1C:  1. Voltage-gated calcium channel complex (GO:0005891) 2. Cardiac muscle cell membrane (GO:0034668) 3. Presynaptic membrane (GO:0042785) 4. T-t
34,llama-3.1-8b-instant,List 5 GO cellular component terms with IDs for the gene CACNA1C.,GO:0034667,GO,SUPPORTED_LABEL_MISMATCH,T-tubule,integrin alpha3-beta1 complex,The gene CACNA1C encodes the L-type voltage-gated calcium channel subunit alpha-1C. Here are 5 GO cellular component terms with IDs associated with CACNA1C:  1. Voltage-gated calcium channel complex (GO:0005891) 2. Cardiac muscle cell membrane (GO:0034668) 3. Presynaptic membrane (GO:0042785) 4. T-t
34,llama-3.1-8b-instant,List 5 GO cellular component terms with IDs for the gene CACNA1C.,GO:0034669,GO,SUPPORTED_LABEL_MISMATCH,Cardiac muscle cell cytoplasm,integrin alpha4-beta7 complex,The gene CACNA1C encodes the L-type voltage-gated calcium channel subunit alpha-1C. Here are 5 GO cellular component terms with IDs associated with CACNA1C:  1. Voltage-gated calcium channel complex (GO:0005891) 2. Cardiac muscle cell membrane (GO:0034668) 3. Presynaptic membrane (GO:0042785) 4. T-t
35,llama-3.1-8b-instant,What is the UniProt accession for the human protein CHD8?,Q9Y5T9,UNIPROT,SUPPORTED_ENTITY_MISMATCH,,DNA repair protein RAD52 homolog,The UniProt accession for the human protein CHD8 is Q9Y5T9.
36,llama-3.1-8b-instant,What HP term and ID describes hepatosplenomegaly with vertical gaze palsy?,HP:0002718,HP,SUPPORTED_NO_LABEL,,,"The HP (Human Phenotype) term and ID that describes hepatosplenomegaly with vertical gaze palsy is:   - Hepatosplenomegaly: HP:0002718 - Vertical gaze palsy: HP:0000609   However, the combination of these two terms is associated with a specific condition known as 'Fazio-Londe syndrome' or 'Progressi"
36,llama-3.1-8b-instant,What HP term and ID describes hepatosplenomegaly with vertical gaze palsy?,HP:0000609,HP,SUPPORTED_NO_LABEL,,,"The HP (Human Phenotype) term and ID that describes hepatosplenomegaly with vertical gaze palsy is:   - Hepatosplenomegaly: HP:0002718 - Vertical gaze palsy: HP:0000609   However, the combination of these two terms is associated with a specific condition known as 'Fazio-Londe syndrome' or 'Progressi"
36,llama-3.1-8b-instant,What HP term and ID describes hepatosplenomegaly with vertical gaze palsy?,HP:0001291,HP,SUPPORTED_NO_LABEL,,,"The HP (Human Phenotype) term and ID that describes hepatosplenomegaly with vertical gaze palsy is:   - Hepatosplenomegaly: HP:0002718 - Vertical gaze palsy: HP:0000609   However, the combination of these two terms is associated with a specific condition known as 'Fazio-Londe syndrome' or 'Progressi"
37,llama-3.1-8b-instant,Give 6 GO biological process IDs for the gene MECP2.,GO:0000902,GO,SUPPORTED_LABEL_MISMATCH,DNA methylation,cell morphogenesis,MECP2 (Methyl CpG binding protein 2) is involved in several biological processes. Here are 6 GO biological process IDs associated with MECP2:  1. DNA methylation (GO:0000902) 2. Chromatin modification (GO:0016568) 3. Gene silencing (GO:0010466) 4. Regulation of gene expression (GO:0010468) 5. Neuron
37,llama-3.1-8b-instant,Give 6 GO biological process IDs for the gene MECP2.,GO:0016568,GO,SUPPORTED_OBSOLETE,Chromatin modification,GO_0016568,MECP2 (Methyl CpG binding protein 2) is involved in several biological processes. Here are 6 GO biological process IDs associated with MECP2:  1. DNA methylation (GO:0000902) 2. Chromatin modification (GO:0016568) 3. Gene silencing (GO:0010466) 4. Regulation of gene expression (GO:0010468) 5. Neuron
37,llama-3.1-8b-instant,Give 6 GO biological process IDs for the gene MECP2.,GO:0010466,GO,SUPPORTED_LABEL_MISMATCH,Gene silencing,negative regulation of peptidase activity,MECP2 (Methyl CpG binding protein 2) is involved in several biological processes. Here are 6 GO biological process IDs associated with MECP2:  1. DNA methylation (GO:0000902) 2. Chromatin modification (GO:0016568) 3. Gene silencing (GO:0010466) 4. Regulation of gene expression (GO:0010468) 5. Neuron
37,llama-3.1-8b-instant,Give 6 GO biological process IDs for the gene MECP2.,GO:0010468,GO,SUPPORTED_LABEL_OK,Regulation of gene expression,regulation of gene expression,MECP2 (Methyl CpG binding protein 2) is involved in several biological processes. Here are 6 GO biological process IDs associated with MECP2:  1. DNA methylation (GO:0000902) 2. Chromatin modification (GO:0016568) 3. Gene silencing (GO:0010466) 4. Regulation of gene expression (GO:0010468) 5. Neuron
37,llama-3.1-8b-instant,Give 6 GO biological process IDs for the gene MECP2.,GO:0030182,GO,SUPPORTED_LABEL_OK,Neuron differentiation,neuron differentiation,MECP2 (Methyl CpG binding protein 2) is involved in several biological processes. Here are 6 GO biological process IDs associated with MECP2:  1. DNA methylation (GO:0000902) 2. Chromatin modification (GO:0016568) 3. Gene silencing (GO:0010466) 4. Regulation of gene expression (GO:0010468) 5. Neuron
37,llama-3.1-8b-instant,Give 6 GO biological process IDs for the gene MECP2.,GO:0006355,GO,SUPPORTED_LABEL_OK,"Regulation of transcription, DNA-templated",regulation of DNA-templated transcription,MECP2 (Methyl CpG binding protein 2) is involved in several biological processes. Here are 6 GO biological process IDs associated with MECP2:  1. DNA methylation (GO:0000902) 2. Chromatin modification (GO:0016568) 3. Gene silencing (GO:0010466) 4. Regulation of gene expression (GO:0010468) 5. Neuron
37,llama-3.1-8b-instant,Give 6 GO biological process IDs for the gene MECP2.,P55830,UNIPROT,SUPPORTED_ENTITY_MISMATCH,,Small ribosomal subunit protein eS1,MECP2 (Methyl CpG binding protein 2) is involved in several biological processes. Here are 6 GO biological process IDs associated with MECP2:  1. DNA methylation (GO:0000902) 2. Chromatin modification (GO:0016568) 3. Gene silencing (GO:0010466) 4. Regulation of gene expression (GO:0010468) 5. Neuron
38,llama-3.1-8b-instant,What is the Ensembl gene ID for the gene TTC21B?,ENSG00000114471,ENSG,NOT_FOUND,,,The Ensembl gene ID for the gene TTC21B is ENSG00000114471.
39,llama-3.1-8b-instant,List 7 Gene Ontology terms with IDs for the gene ARMC9.,GO:0005515,GO,SUPPORTED_NO_LABEL,,,ARMC9 (UniProt accession: Q9H0R5) is involved in various biological processes. Here are 7 Gene Ontology (GO) terms associated with ARMC9:  1. GO:0005515 - protein binding (UniProt accession: Q9H0R5) 2. GO:0005886 - plasma membrane (UniProt accession: Q9H0R5) 3. GO:0007165 - signal transduction (UniP
39,llama-3.1-8b-instant,List 7 Gene Ontology terms with IDs for the gene ARMC9.,GO:0005886,GO,SUPPORTED_NO_LABEL,,,ARMC9 (UniProt accession: Q9H0R5) is involved in various biological processes. Here are 7 Gene Ontology (GO) terms associated with ARMC9:  1. GO:0005515 - protein binding (UniProt accession: Q9H0R5) 2. GO:0005886 - plasma membrane (UniProt accession: Q9H0R5) 3. GO:0007165 - signal transduction (UniP
39,llama-3.1-8b-instant,List 7 Gene Ontology terms with IDs for the gene ARMC9.,GO:0007165,GO,SUPPORTED_NO_LABEL,,,ARMC9 (UniProt accession: Q9H0R5) is involved in various biological processes. Here are 7 Gene Ontology (GO) terms associated with ARMC9:  1. GO:0005515 - protein binding (UniProt accession: Q9H0R5) 2. GO:0005886 - plasma membrane (UniProt accession: Q9H0R5) 3. GO:0007165 - signal transduction (UniP
39,llama-3.1-8b-instant,List 7 Gene Ontology terms with IDs for the gene ARMC9.,GO:0007264,GO,SUPPORTED_NO_LABEL,,,ARMC9 (UniProt accession: Q9H0R5) is involved in various biological processes. Here are 7 Gene Ontology (GO) terms associated with ARMC9:  1. GO:0005515 - protein binding (UniProt accession: Q9H0R5) 2. GO:0005886 - plasma membrane (UniProt accession: Q9H0R5) 3. GO:0007165 - signal transduction (UniP
39,llama-3.1-8b-instant,List 7 Gene Ontology terms with IDs for the gene ARMC9.,GO:0042302,GO,SUPPORTED_NO_LABEL,,,ARMC9 (UniProt accession: Q9H0R5) is involved in various biological processes. Here are 7 Gene Ontology (GO) terms associated with ARMC9:  1. GO:0005515 - protein binding (UniProt accession: Q9H0R5) 2. GO:0005886 - plasma membrane (UniProt accession: Q9H0R5) 3. GO:0007165 - signal transduction (UniP
39,llama-3.1-8b-instant,List 7 Gene Ontology terms with IDs for the gene ARMC9.,GO:0043227,GO,SUPPORTED_NO_LABEL,,,ARMC9 (UniProt accession: Q9H0R5) is involved in various biological processes. Here are 7 Gene Ontology (GO) terms associated with ARMC9:  1. GO:0005515 - protein binding (UniProt accession: Q9H0R5) 2. GO:0005886 - plasma membrane (UniProt accession: Q9H0R5) 3. GO:0007165 - signal transduction (UniP
39,llama-3.1-8b-instant,List 7 Gene Ontology terms with IDs for the gene ARMC9.,GO:0043229,GO,SUPPORTED_NO_LABEL,,,ARMC9 (UniProt accession: Q9H0R5) is involved in various biological processes. Here are 7 Gene Ontology (GO) terms associated with ARMC9:  1. GO:0005515 - protein binding (UniProt accession: Q9H0R5) 2. GO:0005886 - plasma membrane (UniProt accession: Q9H0R5) 3. GO:0007165 - signal transduction (UniP
39,llama-3.1-8b-instant,List 7 Gene Ontology terms with IDs for the gene ARMC9.,Q9H0R5,UNIPROT,SUPPORTED_ENTITY_MISMATCH,,Guanylate-binding protein 3,ARMC9 (UniProt accession: Q9H0R5) is involved in various biological processes. Here are 7 Gene Ontology (GO) terms associated with ARMC9:  1. GO:0005515 - protein binding (UniProt accession: Q9H0R5) 2. GO:0005886 - plasma membrane (UniProt accession: Q9H0R5) 3. GO:0007165 - signal transduction (UniP
39,llama-3.1-8b-instant,List 7 Gene Ontology terms with IDs for the gene ARMC9.,Q9H0R5,UNIPROT,SUPPORTED_ENTITY_MISMATCH,,Guanylate-binding protein 3,ARMC9 (UniProt accession: Q9H0R5) is involved in various biological processes. Here are 7 Gene Ontology (GO) terms associated with ARMC9:  1. GO:0005515 - protein binding (UniProt accession: Q9H0R5) 2. GO:0005886 - plasma membrane (UniProt accession: Q9H0R5) 3. GO:0007165 - signal transduction (UniP
39,llama-3.1-8b-instant,List 7 Gene Ontology terms with IDs for the gene ARMC9.,Q9H0R5,UNIPROT,SUPPORTED_ENTITY_MISMATCH,,Guanylate-binding protein 3,ARMC9 (UniProt accession: Q9H0R5) is involved in various biological processes. Here are 7 Gene Ontology (GO) terms associated with ARMC9:  1. GO:0005515 - protein binding (UniProt accession: Q9H0R5) 2. GO:0005886 - plasma membrane (UniProt accession: Q9H0R5) 3. GO:0007165 - signal transduction (UniP
39,llama-3.1-8b-instant,List 7 Gene Ontology terms with IDs for the gene ARMC9.,Q9H0R5,UNIPROT,SUPPORTED_ENTITY_MISMATCH,,Guanylate-binding protein 3,ARMC9 (UniProt accession: Q9H0R5) is involved in various biological processes. Here are 7 Gene Ontology (GO) terms associated with ARMC9:  1. GO:0005515 - protein binding (UniProt accession: Q9H0R5) 2. GO:0005886 - plasma membrane (UniProt accession: Q9H0R5) 3. GO:0007165 - signal transduction (UniP
39,llama-3.1-8b-instant,List 7 Gene Ontology terms with IDs for the gene ARMC9.,Q9H0R5,UNIPROT,SUPPORTED_ENTITY_MISMATCH,,Guanylate-binding protein 3,ARMC9 (UniProt accession: Q9H0R5) is involved in various biological processes. Here are 7 Gene Ontology (GO) terms associated with ARMC9:  1. GO:0005515 - protein binding (UniProt accession: Q9H0R5) 2. GO:0005886 - plasma membrane (UniProt accession: Q9H0R5) 3. GO:0007165 - signal transduction (UniP
39,llama-3.1-8b-instant,List 7 Gene Ontology terms with IDs for the gene ARMC9.,Q9H0R5,UNIPROT,SUPPORTED_ENTITY_MISMATCH,,Guanylate-binding protein 3,ARMC9 (UniProt accession: Q9H0R5) is involved in various biological processes. Here are 7 Gene Ontology (GO) terms associated with ARMC9:  1. GO:0005515 - protein binding (UniProt accession: Q9H0R5) 2. GO:0005886 - plasma membrane (UniProt accession: Q9H0R5) 3. GO:0007165 - signal transduction (UniP
39,llama-3.1-8b-instant,List 7 Gene Ontology terms with IDs for the gene ARMC9.,Q9H0R5,UNIPROT,SUPPORTED_ENTITY_MISMATCH,,Guanylate-binding protein 3,ARMC9 (UniProt accession: Q9H0R5) is involved in various biological processes. Here are 7 Gene Ontology (GO) terms associated with ARMC9:  1. GO:0005515 - protein binding (UniProt accession: Q9H0R5) 2. GO:0005886 - plasma membrane (UniProt accession: Q9H0R5) 3. GO:0007165 - signal transduction (UniP
39,llama-3.1-8b-instant,List 7 Gene Ontology terms with IDs for the gene ARMC9.,Q9H0R5,UNIPROT,SUPPORTED_ENTITY_MISMATCH,,Guanylate-binding protein 3,ARMC9 (UniProt accession: Q9H0R5) is involved in various biological processes. Here are 7 Gene Ontology (GO) terms associated with ARMC9:  1. GO:0005515 - protein binding (UniProt accession: Q9H0R5) 2. GO:0005886 - plasma membrane (UniProt accession: Q9H0R5) 3. GO:0007165 - signal transduction (UniP
40,llama-3.1-8b-instant,Provide the UniProt accession and 3 GO molecular function IDs for the gene DDX3X.,GO:0003723,GO,SUPPORTED_LABEL_MISMATCH,RNA helicase activity,RNA binding,The UniProt accession for the DDX3X gene is Q9ULV7.  Three GO molecular function IDs for DDX3X are:  - GO:0003723 (RNA helicase activity)  - GO:0005524 (ATP binding)  - GO:0032559 (RNA binding)
40,llama-3.1-8b-instant,Provide the UniProt accession and 3 GO molecular function IDs for the gene DDX3X.,GO:0005524,GO,SUPPORTED_LABEL_OK,ATP binding,ATP binding,The UniProt accession for the DDX3X gene is Q9ULV7.  Three GO molecular function IDs for DDX3X are:  - GO:0003723 (RNA helicase activity)  - GO:0005524 (ATP binding)  - GO:0032559 (RNA binding)
40,llama-3.1-8b-instant,Provide the UniProt accession and 3 GO molecular function IDs for the gene DDX3X.,GO:0032559,GO,SUPPORTED_LABEL_MISMATCH,RNA binding,adenyl ribonucleotide binding,The UniProt accession for the DDX3X gene is Q9ULV7.  Three GO molecular function IDs for DDX3X are:  - GO:0003723 (RNA helicase activity)  - GO:0005524 (ATP binding)  - GO:0032559 (RNA binding)
40,llama-3.1-8b-instant,Provide the UniProt accession and 3 GO molecular function IDs for the gene DDX3X.,Q9ULV7,UNIPROT,SUPPORTED_ENTITY_MISMATCH,,Interleukin-1 receptor-like 1,The UniProt accession for the DDX3X gene is Q9ULV7.  Three GO molecular function IDs for DDX3X are:  - GO:0003723 (RNA helicase activity)  - GO:0005524 (ATP binding)  - GO:0032559 (RNA binding)
